{"payload":{"installed_packages":["-illow==9.2.0","absl-py==1.4.0","aiohttp==3.8.1","aiosignal==1.2.0","altair==4.2.2","appdirs==1.4.4","argon2-cffi==21.3.0","argon2-cffi-bindings==21.2.0","asttokens==2.0.5","astunparse==1.6.3","async-timeout==4.0.2","attrs==21.4.0","backcall==0.2.0","beautifulsoup4==4.11.1","bleach==4.1.0","blinker==1.4","bottleneck==1.3.5","brotlipy==0.7.0","cachetools==4.2.2","category-encoders==2.5.0","certifi==2023.7.22","cffi==1.15.1","chardet==4.0.0","charset-normalizer==2.0.4","click==8.0.4","colorama==0.4.5","comet-ml==3.39.0","configobj==5.0.8","cryptography==37.0.1","cycler==0.10.0","debugpy==1.5.1","decorator==5.1.1","defusedxml==0.7.1","docker-pycreds==0.4.0","dulwich==0.21.7","entrypoints==0.4","everett==3.1.0","executing==0.8.3","fastjsonschema==2.16.2","filelock==3.13.1","flatbuffers==1.12","fonttools==4.25.0","frozenlist==1.2.0","fsspec==2024.2.0","functions==0.7.0","gast==0.4.0","gitdb==4.0.10","gitpython==3.1.30","google-auth==2.6.0","google-auth-oauthlib==0.4.4","google-pasta==0.2.0","grpcio==1.42.0","h5py==3.7.0","idna==2.10","importlib-metadata==4.11.3","ipykernel==6.15.2","ipython==8.4.0","ipython-genutils==0.2.0","ipywidgets==8.0.4","jedi==0.18.1","jinja2==3.0.3","joblib==1.1.0","jsonschema==4.16.0","jupyter-client==7.3.5","jupyter-core==4.11.1","jupyterlab-pygments==0.1.2","jupyterlab-widgets==3.0.5","kaggle==1.6.5","keras==2.9.0","keras-preprocessing==1.1.2","kiwisolver==1.4.2","libclang==15.0.6.1","markdown==3.3.4","markdown-it-py==3.0.0","markupsafe==2.1.1","matplotlib==3.5.2","matplotlib-inline==0.1.6","mdurl==0.1.0","mistune==0.8.4","mkl-fft==1.3.1","mkl-random==1.2.2","mkl-service==2.4.0","mpmath==1.3.0","multidict==5.2.0","munkres==1.1.4","nbclient==0.5.13","nbconvert==6.4.4","nbformat==5.5.0","nest-asyncio==1.5.5","networkx==3.2.1","nltk==3.8.1","notebook==6.4.12","numexpr==2.8.3","numpy==1.26.4","oauthlib==3.2.0","opencv-python==4.9.0.80","opencv-python-headless==4.8.0.74","opt-einsum==3.3.0","packaging==21.3","pandas==1.4.4","pandocfilters==1.5.0","parso==0.8.3","patsy==0.5.2","pickleshare==0.7.5","pillow==10.2.0","pip==22.2.2","plotly==5.14.1","ply==3.11","prometheus-client==0.14.1","prompt-toolkit==3.0.20","protobuf==3.19.6","psutil==5.9.0","pure-eval==0.2.2","py-cpuinfo==9.0.0","pyarrow==8.0.0","pyasn1==0.4.8","pyasn1-modules==0.2.8","pycparser==2.21","pydeck==0.7.1","pygments==2.14.0","pyjwt==2.4.0","pympler==1.0.1","pyopenssl==22.0.0","pyparsing==3.0.9","pyqt5==5.15.7","pyqt5-sip==12.11.0","pyrsistent==0.18.0","pysocks==1.7.1","python-box==6.1.0","python-dateutil==2.8.2","python-dotenv==1.0.1","python-magic==0.4.27","python-slugify==8.0.4","python-version==0.0.2","pytz==2022.1","pytz-deprecation-shim==0.1.0.post0","pywin32==302","pywinpty==2.0.2","pyyaml==6.0","pyzmq==23.2.0","regex==2023.10.3","requests==2.28.1","requests-oauthlib==1.3.0","requests-toolbelt==1.0.0","rich==13.7.1","roboflow==1.1.23","rsa==4.7.2","scikit-learn==1.1.1","scipy==1.12.0","seaborn==0.11.2","semantic-version==2.10.0","semver==2.13.0","send2trash==1.8.0","sentry-sdk==1.40.3","setproctitle==1.3.3","setuptools==69.2.0","simplejson==3.19.2","sip==6.6.2","six==1.16.0","smmap==3.0.5","soupsieve==2.3.1","stack-data==0.2.0","statsmodels==0.13.2","streamlit==1.17.0","streamlit-lottie==0.0.5","sympy==1.12","tenacity==8.2.2","tensorboard==2.9.0","tensorboard-data-server==0.6.0","tensorboard-plugin-wit==1.8.1","tensorflow==2.9.1","tensorflow-estimator==2.9.0","tensorflow-io-gcs-filesystem==0.30.0","termcolor==1.1.0","terminado==0.13.1","testpath==0.6.0","text-unidecode==1.3","thop==0.1.1.post2209072238","threadpoolctl==2.2.0","toml==0.10.2","toolz==0.12.0","torch==2.1.0+cu118","torchvision==0.16.0+cu118","tornado==6.2","tqdm==4.66.1","traitlets==5.1.1","typing-extensions==4.9.0","tzdata==2022.7","tzlocal==4.2","ultralytics==8.1.27","urllib3==1.26.11","validators==0.18.2","watchdog==2.2.1","wcwidth==0.2.5","webencodings==0.5.1","websocket-client==1.3.3","werkzeug==2.0.3","wheel==0.43.0","widgetsnbextension==4.0.5","win-inet-pton==1.1.0","wincertstore==0.2","wrapt==1.14.1","wurlitzer==3.0.3","yarl==1.8.1","zipp==3.8.0"],"local_timestamp":1710680524121,"message_id":1},"type":"ws_msg"}
{"payload":{"env_details":{"command":["train.py","--img","640","--batch","16","--epochs","3","--data","coco128.yaml","--weights","yolov5s.pt","--cache"],"env":null,"hostname":"DESKTOP-IR9L074","ip":"192.168.1.2","machine":"AMD64","os":"Windows-10-10.0.19045-SP0","os_release":"10","os_type":"Windows","pid":13524,"processor":"AMD64 Family 23 Model 96 Stepping 1, AuthenticAMD","python_exe":"C:\\Users\\LENOVO\\anaconda3\\envs\\tf\\python.exe","python_version":"3.9.13","python_version_verbose":"3.9.13 (main, Aug 25 2022, 23:51:50) [MSC v.1916 64 bit (AMD64)]","user":"LENOVO"},"local_timestamp":1710680524148,"message_id":2},"type":"ws_msg"}
{"payload":{"local_timestamp":1710680524288,"message_id":3,"param":{"paramName":"img","paramValue":640,"source":"cli","step":null}},"type":"parameter_msg"}
{"payload":{"local_timestamp":1710680524289,"message_id":4,"param":{"paramName":"batch","paramValue":16,"source":"cli","step":null}},"type":"parameter_msg"}
{"payload":{"local_timestamp":1710680524289,"message_id":5,"param":{"paramName":"epochs","paramValue":3,"source":"cli","step":null}},"type":"parameter_msg"}
{"payload":{"local_timestamp":1710680524289,"message_id":6,"param":{"paramName":"data","paramValue":"coco128.yaml","source":"cli","step":null}},"type":"parameter_msg"}
{"payload":{"local_timestamp":1710680524289,"message_id":7,"param":{"paramName":"weights","paramValue":"yolov5s.pt","source":"cli","step":null}},"type":"parameter_msg"}
{"payload":{"local_timestamp":1710680524289,"message_id":8,"param":{"paramName":"cache","paramValue":true,"source":"cli","step":null}},"type":"parameter_msg"}
{"payload":{"local_timestamp":1710680524289,"message_id":9,"metric":{"epoch":null,"metricName":"sys.cpu.percent.avg","metricValue":17.762500000000003,"step":null}},"type":"metric_msg"}
{"payload":{"local_timestamp":1710680524289,"message_id":10,"metric":{"epoch":null,"metricName":"sys.ram.total","metricValue":7916019712,"step":null}},"type":"metric_msg"}
{"payload":{"local_timestamp":1710680524290,"message_id":11,"metric":{"epoch":null,"metricName":"sys.ram.used","metricValue":6946676736,"step":null}},"type":"metric_msg"}
{"payload":{"local_timestamp":1710680524290,"message_id":12,"metric":{"epoch":null,"metricName":"sys.ram.available","metricValue":969342976,"step":null}},"type":"metric_msg"}
{"payload":{"local_timestamp":1710680524290,"message_id":13,"metric":{"epoch":null,"metricName":"sys.ram.percent.used","metricValue":87.8,"step":null}},"type":"metric_msg"}
{"payload":{"local_timestamp":1710680524290,"message_id":14,"metric":{"epoch":null,"metricName":"sys.load.avg","metricValue":0.0,"step":null}},"type":"metric_msg"}
{"payload":{"local_timestamp":1710680524290,"log_other":{"key":"offline_experiment","val":true},"message_id":15},"type":"ws_msg"}
{"payload":{"local_timestamp":1710680524290,"log_other":{"key":"Name","val":"exp"},"message_id":16},"type":"ws_msg"}
{"payload":{"additional_params":{"assetId":"9b797b40531041fd88ae50a9ecc0be51","context":null,"extension":"yaml","fileName":"coco128.yaml","overwrite":false,"runId":null,"step":null},"clean":true,"file_path":"tmpxkuljv46","local_timestamp":1710680524294,"message_id":17,"metadata":{"type":"data-config-file"},"upload_type":"asset"},"type":"file_upload"}
{"payload":{"local_timestamp":1710680524300,"message_id":18,"stderr":true,"stdout":"\nDataset not found , missing paths ['C:\\\\Users\\\\LENOVO\\\\OneDrive\\\\Desktop\\\\Brain_T\\\\yolov5\\\\dataset\\\\images\\\\test']\n"},"type":"ws_msg"}
{"payload":{"local_timestamp":1710680524301,"message_id":19,"stderr":true,"stdout":"Traceback (most recent call last):\n"},"type":"ws_msg"}
{"payload":{"local_timestamp":1710680524301,"message_id":20,"stderr":true,"stdout":"  File \"C:\\Users\\LENOVO\\OneDrive\\Desktop\\Brain_T\\yolov5\\train.py\", line 848, in <module>\n"},"type":"ws_msg"}
{"payload":{"local_timestamp":1710680524302,"message_id":21,"stderr":true,"stdout":"    "},"type":"ws_msg"}
{"payload":{"local_timestamp":1710680524302,"message_id":22,"stderr":true,"stdout":"main(opt)"},"type":"ws_msg"}
{"payload":{"local_timestamp":1710680524302,"message_id":23,"stderr":true,"stdout":"\n"},"type":"ws_msg"}
{"payload":{"local_timestamp":1710680524302,"message_id":24,"stderr":true,"stdout":"  File \"C:\\Users\\LENOVO\\OneDrive\\Desktop\\Brain_T\\yolov5\\train.py\", line 623, in main\n"},"type":"ws_msg"}
{"payload":{"local_timestamp":1710680524302,"message_id":25,"stderr":true,"stdout":"    "},"type":"ws_msg"}
{"payload":{"local_timestamp":1710680524302,"message_id":26,"stderr":true,"stdout":"train(opt.hyp, opt, device, callbacks)"},"type":"ws_msg"}
{"payload":{"local_timestamp":1710680524303,"message_id":27,"stderr":true,"stdout":"\n"},"type":"ws_msg"}
{"payload":{"local_timestamp":1710680524303,"message_id":28,"stderr":true,"stdout":"  File \"C:\\Users\\LENOVO\\OneDrive\\Desktop\\Brain_T\\yolov5\\train.py\", line 153, in train\n"},"type":"ws_msg"}
{"payload":{"local_timestamp":1710680524303,"message_id":29,"stderr":true,"stdout":"    "},"type":"ws_msg"}
{"payload":{"local_timestamp":1710680524303,"message_id":30,"stderr":true,"stdout":"loggers = Loggers("},"type":"ws_msg"}
{"payload":{"local_timestamp":1710680524303,"message_id":31,"stderr":true,"stdout":"\n"},"type":"ws_msg"}
{"payload":{"local_timestamp":1710680524303,"message_id":32,"stderr":true,"stdout":"  File \"C:\\Users\\LENOVO\\OneDrive\\Desktop\\Brain_T\\yolov5\\utils\\loggers\\__init__.py\", line 148, in __init__\n"},"type":"ws_msg"}
{"payload":{"local_timestamp":1710680524303,"message_id":33,"stderr":true,"stdout":"    "},"type":"ws_msg"}
{"payload":{"local_timestamp":1710680524303,"message_id":34,"stderr":true,"stdout":"self.comet_logger = CometLogger(self.opt, self.hyp)"},"type":"ws_msg"}
{"payload":{"local_timestamp":1710680524304,"message_id":35,"stderr":true,"stdout":"\n"},"type":"ws_msg"}
{"payload":{"local_timestamp":1710680524304,"message_id":36,"stderr":true,"stdout":"  File \"C:\\Users\\LENOVO\\OneDrive\\Desktop\\Brain_T\\yolov5\\utils\\loggers\\comet\\__init__.py\", line 97, in __init__\n"},"type":"ws_msg"}
{"payload":{"local_timestamp":1710680524304,"message_id":37,"stderr":true,"stdout":"    "},"type":"ws_msg"}
{"payload":{"local_timestamp":1710680524304,"message_id":38,"stderr":true,"stdout":"self.data_dict = self.check_dataset(self.opt.data)"},"type":"ws_msg"}
{"payload":{"local_timestamp":1710680524304,"message_id":39,"stderr":true,"stdout":"\n"},"type":"ws_msg"}
{"payload":{"local_timestamp":1710680524304,"message_id":40,"stderr":true,"stdout":"  File \"C:\\Users\\LENOVO\\OneDrive\\Desktop\\Brain_T\\yolov5\\utils\\loggers\\comet\\__init__.py\", line 255, in check_dataset\n"},"type":"ws_msg"}
{"payload":{"local_timestamp":1710680524305,"message_id":41,"stderr":true,"stdout":"    "},"type":"ws_msg"}
{"payload":{"local_timestamp":1710680524305,"message_id":42,"stderr":true,"stdout":"return check_dataset(data_file)"},"type":"ws_msg"}
{"payload":{"local_timestamp":1710680524305,"message_id":43,"stderr":true,"stdout":"\n"},"type":"ws_msg"}
{"payload":{"local_timestamp":1710680524305,"message_id":44,"stderr":true,"stdout":"  File \"C:\\Users\\LENOVO\\OneDrive\\Desktop\\Brain_T\\yolov5\\utils\\general.py\", line 561, in check_dataset\n"},"type":"ws_msg"}
{"payload":{"local_timestamp":1710680524306,"message_id":45,"stderr":true,"stdout":"    "},"type":"ws_msg"}
{"payload":{"local_timestamp":1710680524306,"message_id":46,"stderr":true,"stdout":"raise Exception(\"Dataset not found \u274c\")"},"type":"ws_msg"}
{"payload":{"local_timestamp":1710680524306,"message_id":47,"stderr":true,"stdout":"\n"},"type":"ws_msg"}
{"payload":{"local_timestamp":1710680524306,"message_id":48,"stderr":true,"stdout":"Exception"},"type":"ws_msg"}
{"payload":{"local_timestamp":1710680524306,"message_id":49,"stderr":true,"stdout":": "},"type":"ws_msg"}
{"payload":{"local_timestamp":1710680524306,"message_id":50,"stderr":true,"stdout":"Dataset not found \u274c"},"type":"ws_msg"}
{"payload":{"local_timestamp":1710680524306,"message_id":51,"stderr":true,"stdout":"\n"},"type":"ws_msg"}
{"payload":{"local_timestamp":1710680524359,"message_id":52,"stderr":true,"stdout":"COMET INFO: Couldn't find a Git repository in 'C:\\\\Users\\\\LENOVO\\\\OneDrive\\\\Desktop\\\\Brain_T\\\\yolov5' nor in any parent directory. Set `COMET_GIT_DIRECTORY` if your Git Repository is elsewhere.\n"},"type":"ws_msg"}
{"payload":{"additional_params":{"assetId":"1a1e53c42e7440abaadc8b65cfb12208","context":null,"epoch":null,"extension":"yml","fileName":"conda-environment.yml","overwrite":false,"runId":null,"step":null,"type":"conda-environment-definition"},"clean":true,"file_path":"tmpgsk6_c7d","local_timestamp":1710680535911,"message_id":53,"metadata":{},"upload_type":"conda-environment-definition"},"type":"file_upload"}
{"payload":{"additional_params":{"assetId":"911b3368fe1d41a18e0c533edf80781d","context":null,"epoch":null,"extension":"txt","fileName":"conda-spec.txt","overwrite":false,"runId":null,"step":null,"type":"conda-specification"},"clean":true,"file_path":"tmpji9yl8u3","local_timestamp":1710680539218,"message_id":54,"metadata":{},"upload_type":"conda-specification"},"type":"file_upload"}
{"payload":{"additional_params":{"assetId":"9caee7a3632f4c1e951e6d8a1528b106","context":null,"epoch":null,"extension":"yml","fileName":"conda-info.yml","overwrite":false,"runId":null,"step":null,"type":"conda-info"},"clean":true,"file_path":"tmpo3whh43o","local_timestamp":1710680540679,"message_id":55,"metadata":{},"upload_type":"conda-info"},"type":"file_upload"}
{"payload":{"local_timestamp":1710680540677,"message_id":56,"stderr":true,"stdout":"COMET INFO: ---------------------------------------------------------------------------------------\n"},"type":"ws_msg"}
{"payload":{"local_timestamp":1710680540677,"message_id":57,"stderr":true,"stdout":"COMET INFO: Comet.ml OfflineExperiment Summary\n"},"type":"ws_msg"}
{"payload":{"local_timestamp":1710680540677,"message_id":58,"stderr":true,"stdout":"COMET INFO: ---------------------------------------------------------------------------------------\n"},"type":"ws_msg"}
{"payload":{"local_timestamp":1710680540677,"message_id":59,"stderr":true,"stdout":"COMET INFO:   Data:\n"},"type":"ws_msg"}
{"payload":{"local_timestamp":1710680540677,"message_id":60,"stderr":true,"stdout":"COMET INFO:     display_summary_level : 1\n"},"type":"ws_msg"}
{"payload":{"local_timestamp":1710680540677,"message_id":61,"stderr":true,"stdout":"COMET INFO:     url                   : [OfflineExperiment will get URL after upload]\n"},"type":"ws_msg"}
{"payload":{"local_timestamp":1710680540678,"message_id":62,"stderr":true,"stdout":"COMET INFO:   Others:\n"},"type":"ws_msg"}
{"payload":{"local_timestamp":1710680540678,"message_id":63,"stderr":true,"stdout":"COMET INFO:     Name               : exp\n"},"type":"ws_msg"}
{"payload":{"local_timestamp":1710680540678,"message_id":64,"stderr":true,"stdout":"COMET INFO:     offline_experiment : True\n"},"type":"ws_msg"}
{"payload":{"local_timestamp":1710680540678,"message_id":65,"stderr":true,"stdout":"COMET INFO:   Uploads:\n"},"type":"ws_msg"}
{"payload":{"local_timestamp":1710680540678,"message_id":66,"stderr":true,"stdout":"COMET INFO:     asset                        : 1 (376 bytes)\n"},"type":"ws_msg"}
{"payload":{"local_timestamp":1710680540678,"message_id":67,"stderr":true,"stdout":"COMET INFO:     conda-environment-definition : 1\n"},"type":"ws_msg"}
{"payload":{"local_timestamp":1710680540678,"message_id":68,"stderr":true,"stdout":"COMET INFO:     conda-info                   : 1\n"},"type":"ws_msg"}
{"payload":{"local_timestamp":1710680540678,"message_id":69,"stderr":true,"stdout":"COMET INFO:     conda-specification          : 1\n"},"type":"ws_msg"}
{"payload":{"local_timestamp":1710680540678,"message_id":70,"stderr":true,"stdout":"COMET INFO:     environment details          : 1\n"},"type":"ws_msg"}
{"payload":{"local_timestamp":1710680540678,"message_id":71,"stderr":true,"stdout":"COMET INFO:     installed packages           : 1\n"},"type":"ws_msg"}
{"payload":{"local_timestamp":1710680540679,"message_id":72,"stderr":true,"stdout":"COMET INFO: \n"},"type":"ws_msg"}
