{"offline_id": "4cc7efd92be44d45b8d3101e1093371f", "project_name": "yolov5", "start_time": 1710853655745, "stop_time": 1710853673537, "tags": [], "workspace": null, "resume_strategy": "create", "customer_error_reported": true, "customer_error_message": "Unexpected error detected in the user script: UnicodeDecodeError('charmap', b\"# YOLOv5 \\xf0\\x9f\\x9a\\x80 by Ultralytics, AGPL-3.0 license\\n# COCO 2017 dataset http://cocodataset.org by Microsoft\\n# Example usage: python train.py --data coco.yaml\\n# parent\\n# \\xe2\\x94\\x9c\\xe2\\x94\\x80\\xe2\\x94\\x80 yolov5\\n# \\xe2\\x94\\x94\\xe2\\x94\\x80\\xe2\\x94\\x80 datasets\\n#     \\xe2\\x94\\x94\\xe2\\x94\\x80\\xe2\\x94\\x80 coco  \\xe2\\x86\\x90 downloads here (20.1 GB)\\n\\n# Train/val/test sets as 1) dir: path/to/imgs, 2) file: path/to/imgs.txt, or 3) list: [path/to/imgs1, path/to/imgs2, ..]\\npath: ../datasets/coco # dataset root dir\\ntrain: train2017.txt # train images (relative to 'path') 118287 images\\nval: val2017.txt # val images (relative to 'path') 5000 images\\ntest: test-dev2017.txt # 20288 of 40670 images, submit to https://competitions.codalab.org/competitions/20794\\n\\n# Classes\\nnames:\\n  0: person\\n  1: bicycle\\n  2: car\\n  3: motorcycle\\n  4: airplane\\n  5: bus\\n  6: train\\n  7: truck\\n  8: boat\\n  9: traffic light\\n  10: fire hydrant\\n  11: stop sign\\n  12: parking meter\\n  13: bench\\n  14: bird\\n  15: cat\\n  16: dog\\n  17: horse\\n  18: sheep\\n  19: cow\\n  20: elephant\\n  21: bear\\n  22: zebra\\n  23: giraffe\\n  24: backpack\\n  25: umbrella\\n  26: handbag\\n  27: tie\\n  28: suitcase\\n  29: frisbee\\n  30: skis\\n  31: snowboard\\n  32: sports ball\\n  33: kite\\n  34: baseball bat\\n  35: baseball glove\\n  36: skateboard\\n  37: surfboard\\n  38: tennis racket\\n  39: bottle\\n  40: wine glass\\n  41: cup\\n  42: fork\\n  43: knife\\n  44: spoon\\n  45: bowl\\n  46: banana\\n  47: apple\\n  48: sandwich\\n  49: orange\\n  50: broccoli\\n  51: carrot\\n  52: hot dog\\n  53: pizza\\n  54: donut\\n  55: cake\\n  56: chair\\n  57: couch\\n  58: potted plant\\n  59: bed\\n  60: dining table\\n  61: toilet\\n  62: tv\\n  63: laptop\\n  64: mouse\\n  65: remote\\n  66: keyboard\\n  67: cell phone\\n  68: microwave\\n  69: oven\\n  70: toaster\\n  71: sink\\n  72: refrigerator\\n  73: book\\n  74: clock\\n  75: vase\\n  76: scissors\\n  77: teddy bear\\n  78: hair drier\\n  79: toothbrush\\n\\n# Download script/URL (optional)\\ndownload: |\\n  from utils.general import download, Path\\n\\n\\n  # Download labels\\n  segments = False  # segment or box labels\\n  dir = Path(yaml['path'])  # dataset root dir\\n  url = 'https://github.com/ultralytics/yolov5/releases/download/v1.0/'\\n  urls = [url + ('coco2017labels-segments.zip' if segments else 'coco2017labels.zip')]  # labels\\n  download(urls, dir=dir.parent)\\n\\n  # Download data\\n  urls = ['http://images.cocodataset.org/zips/train2017.zip',  # 19G, 118k images\\n          'http://images.cocodataset.org/zips/val2017.zip',  # 1G, 5k images\\n          'http://images.cocodataset.org/zips/test2017.zip']  # 7G, 41k images (optional)\\n  download(urls, dir=dir / 'images', threads=3)\\n\", 226, 227, 'character maps to <undefined>')", "user_provided_experiment_key": false, "comet_start_sourced": false}